{"9bul": [218, 8, 0.03669724770642202], "BellaLucas\ubca8\ub77c\uc564\ub8e8\uce74\uc2a4": [0.01, 19, 1900.0], "Chuther\uce04\ub354\ubb38\uc5d0\uc2a4\ub354": [13, 139, 10.692307692307692], "DASURI_CHOI": [5, 12, 2.4], "Eunzel_ASMR_\uc740\uc824": [26, 221, 8.5], "Ha_Neul\uc624\ub298\uc758_\ud558\ub298": [15, 1162, 77.46666666666667], "HORSE-KING_TV": [1296, 25, 0.019290123456790122], "JayJay\uc81c\uc774\uc81c\uc774": [276, 41, 0.14855072463768115], "JM": [2406, 89, 0.0369908561928512], "KINDA_COOL_\uc544\uc601": [0.01, 613, 61300.0], "KOK_King_Of_Koreandrama_TV": [35, 98, 2.8], "Miniyu_ASMR": [3, 374, 124.66666666666667], "ondo\uc628\ub3c4": [0.01, 50, 5000.0], "POWER_MOVIE": [35, 5, 0.14285714285714285], "quaddurup": [377, 59, 0.15649867374005305], "rappeler_\ud558\uc060\ub9ac": [8, 268, 33.5], "Red_Tomato": [53, 26, 0.49056603773584906], "Ripple_S": [91, 119, 1.3076923076923077], "SISEONPLAY": [47, 17, 0.3617021276595745], "sojoong\uc3d8\uc57c\ucb5d\uc544": [7, 287, 41.0], "SOY_ASMR": [4, 116, 29.0], "\uace0\ubabd": [128, 14, 0.109375], "\uae31\ube14_Geekble": [69, 4, 0.057971014492753624], "\uae40\ub2ec": [443, 216, 0.48758465011286684], "\ub9ac\ubdf0\uc5c9\uc774_Owls_Review": [49, 8, 0.16326530612244897], "\ubaa8\uc544\uc694": [251, 18, 0.07171314741035857], "\ubbfc\ud638\ud0c0\uc6b0\ub85c\uc2a4": [81, 3, 0.037037037037037035], "\ubc15\ub9c9\ub840_\ud560\uba38\ub2c8_Korea_Grandma": [5, 17, 3.4], "\uc0ac\ub098\uc774\uae40\uae30\ud6c8": [727, 150, 0.2063273727647868], "\uc0d2\uc758_\uc0b6Serims_life": [9, 751, 83.44444444444444], "\uc11c\ubd04": [4, 0, 0.0], "\uc11d\uafb8\ucd95\uafb8": [233, 7, 0.030042918454935622], "\uc11d\uc900\uc774\uac00\ud574": [133, 165, 1.2406015037593985], "\uc120\ubbfc_sunmin": [17, 842, 49.529411764705884], "\uc18c\uc9c4\uc18c\uc9c4": [259, 68, 0.2625482625482625], "\uc1a1\ub300\uc775": [1128, 554, 0.49113475177304966], "\uc218\ub2d8": [1557, 138, 0.08863198458574181], "\uc548\uad6c\uc815\ud654TV_Your_Korean_Friend": [0.01, 16, 1600.0], "\uc5ec\ub77d\uc774\ub4e4_": [16, 413, 25.8125], "\uc601\uc54c\ub0a8YAN": [651, 31, 0.047619047619047616], "\uc624\uc608\ucee4\ud50c\uc2a4\ud1a0\ub9ac": [74, 289, 3.9054054054054053], "\uc6b0\ud30c\ud478\ub978\ud558\ub298Woopa_TV": [447, 9, 0.020134228187919462], "\uc774\uc0c1\ud55c_\ub098\ub77c\uc758_\uafe9\uc720\uac31": [10, 112, 11.2], "\uc774\uc2a4\ud0c0TV": [2703, 10, 0.003699593044765076], "\uc870\uc81c\uc54c\ud1b5": [3403, 29, 0.008521892447840141], "\uc9c0\ubb34\ube44__G_Movie": [93, 7, 0.07526881720430108], "\ucea1\ud2f4\ub77c\ubbf8captain_ramy": [36, 5, 0.1388888888888889], "\ucf54\uc774\ud2f0\ube44KOITV": [376, 168, 0.44680851063829785], "\ud53c\ud0a4\ud53d\ucc98\uc2a4_Piki_Pictures": [24, 28, 1.1666666666666667], "\ud544\ub984\uc5d0_\ube60\uc9c0\ub2e4": [36, 6, 0.16666666666666666], "\ud55c\ubcc4Hanbyul": [3, 737, 245.66666666666666], "\ud56b\ub3c4\uadf8TV": [363, 240, 0.6611570247933884], "\ud64d\uc2dc\ub124\ub9c8": [51, 10, 0.19607843137254902], "\ub958\uc815\ub780": [1122, 92, 0.08199643493761141], "\uc9c4\uc6a9\uc9c4": [232, 27, 0.11637931034482758], "\uafc0\ud15cTV_\ud074\ud15c_\uc720\ud29c\ube0c": [6511, 13, 0.0019966211027491938], "\uce68\ucc29\ub9e8": [280, 10, 0.03571428571428571], "\uc288\uce74\uc6d4\ub4dc": [742, 19, 0.025606469002695417], "\uc7a5\ubc94\uc900": [429, 41, 0.09557109557109557], "Mickey_Seo": [62, 10, 0.16129032258064516], "\uc8fc\uac04\uc774\uc0c1\uc900": [763, 44, 0.057667103538663174], "\ub530\ud6a8\ub2c8DDaHyoNi": [256, 11, 0.04296875], "LeoJ_Makeup": [32, 131, 4.09375], "HOONION": [20, 354, 17.7]}